"GEO_ID","id",
"NAME","Geographic Area Name",
"DP04_0001E","Estimate!!HOUSING OCCUPANCY!!Total housing units",
"DP04_0001M","Margin of Error!!HOUSING OCCUPANCY!!Total housing units",
"DP04_0001PE","Percent Estimate!!HOUSING OCCUPANCY!!Total housing units",
"DP04_0001PM","Percent Margin of Error!!HOUSING OCCUPANCY!!Total housing units",
"DP04_0002E","Estimate!!HOUSING OCCUPANCY!!Total housing units!!Occupied housing units",
"DP04_0002M","Margin of Error!!HOUSING OCCUPANCY!!Total housing units!!Occupied housing units",
"DP04_0002PE","Percent Estimate!!HOUSING OCCUPANCY!!Total housing units!!Occupied housing units",
"DP04_0002PM","Percent Margin of Error!!HOUSING OCCUPANCY!!Total housing units!!Occupied housing units",
"DP04_0003E","Estimate!!HOUSING OCCUPANCY!!Total housing units!!Vacant housing units",
"DP04_0003M","Margin of Error!!HOUSING OCCUPANCY!!Total housing units!!Vacant housing units",
"DP04_0003PE","Percent Estimate!!HOUSING OCCUPANCY!!Total housing units!!Vacant housing units",
"DP04_0003PM","Percent Margin of Error!!HOUSING OCCUPANCY!!Total housing units!!Vacant housing units",
"DP04_0004E","Estimate!!HOUSING OCCUPANCY!!Total housing units!!Homeowner vacancy rate",
"DP04_0004M","Margin of Error!!HOUSING OCCUPANCY!!Total housing units!!Homeowner vacancy rate",
"DP04_0004PE","Percent Estimate!!HOUSING OCCUPANCY!!Total housing units!!Homeowner vacancy rate",
"DP04_0004PM","Percent Margin of Error!!HOUSING OCCUPANCY!!Total housing units!!Homeowner vacancy rate",
"DP04_0005E","Estimate!!HOUSING OCCUPANCY!!Total housing units!!Rental vacancy rate",
"DP04_0005M","Margin of Error!!HOUSING OCCUPANCY!!Total housing units!!Rental vacancy rate",
"DP04_0005PE","Percent Estimate!!HOUSING OCCUPANCY!!Total housing units!!Rental vacancy rate",
"DP04_0005PM","Percent Margin of Error!!HOUSING OCCUPANCY!!Total housing units!!Rental vacancy rate",
"DP04_0006E","Estimate!!UNITS IN STRUCTURE!!Total housing units",
"DP04_0006M","Margin of Error!!UNITS IN STRUCTURE!!Total housing units",
"DP04_0006PE","Percent Estimate!!UNITS IN STRUCTURE!!Total housing units",
"DP04_0006PM","Percent Margin of Error!!UNITS IN STRUCTURE!!Total housing units",
"DP04_0007E","Estimate!!UNITS IN STRUCTURE!!Total housing units!!1-unit detached",
"DP04_0007M","Margin of Error!!UNITS IN STRUCTURE!!Total housing units!!1-unit detached",
"DP04_0007PE","Percent Estimate!!UNITS IN STRUCTURE!!Total housing units!!1-unit detached",
"DP04_0007PM","Percent Margin of Error!!UNITS IN STRUCTURE!!Total housing units!!1-unit detached",
"DP04_0008E","Estimate!!UNITS IN STRUCTURE!!Total housing units!!1-unit attached",
"DP04_0008M","Margin of Error!!UNITS IN STRUCTURE!!Total housing units!!1-unit attached",
"DP04_0008PE","Percent Estimate!!UNITS IN STRUCTURE!!Total housing units!!1-unit attached",
"DP04_0008PM","Percent Margin of Error!!UNITS IN STRUCTURE!!Total housing units!!1-unit attached",
"DP04_0009E","Estimate!!UNITS IN STRUCTURE!!Total housing units!!2 units",
"DP04_0009M","Margin of Error!!UNITS IN STRUCTURE!!Total housing units!!2 units",
"DP04_0009PE","Percent Estimate!!UNITS IN STRUCTURE!!Total housing units!!2 units",
"DP04_0009PM","Percent Margin of Error!!UNITS IN STRUCTURE!!Total housing units!!2 units",
"DP04_0010E","Estimate!!UNITS IN STRUCTURE!!Total housing units!!3 or 4 units",
"DP04_0010M","Margin of Error!!UNITS IN STRUCTURE!!Total housing units!!3 or 4 units",
"DP04_0010PE","Percent Estimate!!UNITS IN STRUCTURE!!Total housing units!!3 or 4 units",
"DP04_0010PM","Percent Margin of Error!!UNITS IN STRUCTURE!!Total housing units!!3 or 4 units",
"DP04_0011E","Estimate!!UNITS IN STRUCTURE!!Total housing units!!5 to 9 units",
"DP04_0011M","Margin of Error!!UNITS IN STRUCTURE!!Total housing units!!5 to 9 units",
"DP04_0011PE","Percent Estimate!!UNITS IN STRUCTURE!!Total housing units!!5 to 9 units",
"DP04_0011PM","Percent Margin of Error!!UNITS IN STRUCTURE!!Total housing units!!5 to 9 units",
"DP04_0012E","Estimate!!UNITS IN STRUCTURE!!Total housing units!!10 to 19 units",
"DP04_0012M","Margin of Error!!UNITS IN STRUCTURE!!Total housing units!!10 to 19 units",
"DP04_0012PE","Percent Estimate!!UNITS IN STRUCTURE!!Total housing units!!10 to 19 units",
"DP04_0012PM","Percent Margin of Error!!UNITS IN STRUCTURE!!Total housing units!!10 to 19 units",
"DP04_0013E","Estimate!!UNITS IN STRUCTURE!!Total housing units!!20 or more units",
"DP04_0013M","Margin of Error!!UNITS IN STRUCTURE!!Total housing units!!20 or more units",
"DP04_0013PE","Percent Estimate!!UNITS IN STRUCTURE!!Total housing units!!20 or more units",
"DP04_0013PM","Percent Margin of Error!!UNITS IN STRUCTURE!!Total housing units!!20 or more units",
"DP04_0014E","Estimate!!UNITS IN STRUCTURE!!Total housing units!!Mobile home",
"DP04_0014M","Margin of Error!!UNITS IN STRUCTURE!!Total housing units!!Mobile home",
"DP04_0014PE","Percent Estimate!!UNITS IN STRUCTURE!!Total housing units!!Mobile home",
"DP04_0014PM","Percent Margin of Error!!UNITS IN STRUCTURE!!Total housing units!!Mobile home",
"DP04_0015E","Estimate!!UNITS IN STRUCTURE!!Total housing units!!Boat RV van etc.",
"DP04_0015M","Margin of Error!!UNITS IN STRUCTURE!!Total housing units!!Boat RV van etc.",
"DP04_0015PE","Percent Estimate!!UNITS IN STRUCTURE!!Total housing units!!Boat RV van etc.",
"DP04_0015PM","Percent Margin of Error!!UNITS IN STRUCTURE!!Total housing units!!Boat RV van etc.",
"DP04_0016E","Estimate!!YEAR STRUCTURE BUILT!!Total housing units",
"DP04_0016M","Margin of Error!!YEAR STRUCTURE BUILT!!Total housing units",
"DP04_0016PE","Percent Estimate!!YEAR STRUCTURE BUILT!!Total housing units",
"DP04_0016PM","Percent Margin of Error!!YEAR STRUCTURE BUILT!!Total housing units",
"DP04_0017E","Estimate!!YEAR STRUCTURE BUILT!!Total housing units!!Built 2014 or later",
"DP04_0017M","Margin of Error!!YEAR STRUCTURE BUILT!!Total housing units!!Built 2014 or later",
"DP04_0017PE","Percent Estimate!!YEAR STRUCTURE BUILT!!Total housing units!!Built 2014 or later",
"DP04_0017PM","Percent Margin of Error!!YEAR STRUCTURE BUILT!!Total housing units!!Built 2014 or later",
"DP04_0018E","Estimate!!YEAR STRUCTURE BUILT!!Total housing units!!Built 2010 to 2013",
"DP04_0018M","Margin of Error!!YEAR STRUCTURE BUILT!!Total housing units!!Built 2010 to 2013",
"DP04_0018PE","Percent Estimate!!YEAR STRUCTURE BUILT!!Total housing units!!Built 2010 to 2013",
"DP04_0018PM","Percent Margin of Error!!YEAR STRUCTURE BUILT!!Total housing units!!Built 2010 to 2013",
"DP04_0019E","Estimate!!YEAR STRUCTURE BUILT!!Total housing units!!Built 2000 to 2009",
"DP04_0019M","Margin of Error!!YEAR STRUCTURE BUILT!!Total housing units!!Built 2000 to 2009",
"DP04_0019PE","Percent Estimate!!YEAR STRUCTURE BUILT!!Total housing units!!Built 2000 to 2009",
"DP04_0019PM","Percent Margin of Error!!YEAR STRUCTURE BUILT!!Total housing units!!Built 2000 to 2009",
"DP04_0020E","Estimate!!YEAR STRUCTURE BUILT!!Total housing units!!Built 1990 to 1999",
"DP04_0020M","Margin of Error!!YEAR STRUCTURE BUILT!!Total housing units!!Built 1990 to 1999",
"DP04_0020PE","Percent Estimate!!YEAR STRUCTURE BUILT!!Total housing units!!Built 1990 to 1999",
"DP04_0020PM","Percent Margin of Error!!YEAR STRUCTURE BUILT!!Total housing units!!Built 1990 to 1999",
"DP04_0021E","Estimate!!YEAR STRUCTURE BUILT!!Total housing units!!Built 1980 to 1989",
"DP04_0021M","Margin of Error!!YEAR STRUCTURE BUILT!!Total housing units!!Built 1980 to 1989",
"DP04_0021PE","Percent Estimate!!YEAR STRUCTURE BUILT!!Total housing units!!Built 1980 to 1989",
"DP04_0021PM","Percent Margin of Error!!YEAR STRUCTURE BUILT!!Total housing units!!Built 1980 to 1989",
"DP04_0022E","Estimate!!YEAR STRUCTURE BUILT!!Total housing units!!Built 1970 to 1979",
"DP04_0022M","Margin of Error!!YEAR STRUCTURE BUILT!!Total housing units!!Built 1970 to 1979",
"DP04_0022PE","Percent Estimate!!YEAR STRUCTURE BUILT!!Total housing units!!Built 1970 to 1979",
"DP04_0022PM","Percent Margin of Error!!YEAR STRUCTURE BUILT!!Total housing units!!Built 1970 to 1979",
"DP04_0023E","Estimate!!YEAR STRUCTURE BUILT!!Total housing units!!Built 1960 to 1969",
"DP04_0023M","Margin of Error!!YEAR STRUCTURE BUILT!!Total housing units!!Built 1960 to 1969",
"DP04_0023PE","Percent Estimate!!YEAR STRUCTURE BUILT!!Total housing units!!Built 1960 to 1969",
"DP04_0023PM","Percent Margin of Error!!YEAR STRUCTURE BUILT!!Total housing units!!Built 1960 to 1969",
"DP04_0024E","Estimate!!YEAR STRUCTURE BUILT!!Total housing units!!Built 1950 to 1959",
"DP04_0024M","Margin of Error!!YEAR STRUCTURE BUILT!!Total housing units!!Built 1950 to 1959",
"DP04_0024PE","Percent Estimate!!YEAR STRUCTURE BUILT!!Total housing units!!Built 1950 to 1959",
"DP04_0024PM","Percent Margin of Error!!YEAR STRUCTURE BUILT!!Total housing units!!Built 1950 to 1959",
"DP04_0025E","Estimate!!YEAR STRUCTURE BUILT!!Total housing units!!Built 1940 to 1949",
"DP04_0025M","Margin of Error!!YEAR STRUCTURE BUILT!!Total housing units!!Built 1940 to 1949",
"DP04_0025PE","Percent Estimate!!YEAR STRUCTURE BUILT!!Total housing units!!Built 1940 to 1949",
"DP04_0025PM","Percent Margin of Error!!YEAR STRUCTURE BUILT!!Total housing units!!Built 1940 to 1949",
"DP04_0026E","Estimate!!YEAR STRUCTURE BUILT!!Total housing units!!Built 1939 or earlier",
"DP04_0026M","Margin of Error!!YEAR STRUCTURE BUILT!!Total housing units!!Built 1939 or earlier",
"DP04_0026PE","Percent Estimate!!YEAR STRUCTURE BUILT!!Total housing units!!Built 1939 or earlier",
"DP04_0026PM","Percent Margin of Error!!YEAR STRUCTURE BUILT!!Total housing units!!Built 1939 or earlier",
"DP04_0027E","Estimate!!ROOMS!!Total housing units",
"DP04_0027M","Margin of Error!!ROOMS!!Total housing units",
"DP04_0027PE","Percent Estimate!!ROOMS!!Total housing units",
"DP04_0027PM","Percent Margin of Error!!ROOMS!!Total housing units",
"DP04_0028E","Estimate!!ROOMS!!Total housing units!!1 room",
"DP04_0028M","Margin of Error!!ROOMS!!Total housing units!!1 room",
"DP04_0028PE","Percent Estimate!!ROOMS!!Total housing units!!1 room",
"DP04_0028PM","Percent Margin of Error!!ROOMS!!Total housing units!!1 room",
"DP04_0029E","Estimate!!ROOMS!!Total housing units!!2 rooms",
"DP04_0029M","Margin of Error!!ROOMS!!Total housing units!!2 rooms",
"DP04_0029PE","Percent Estimate!!ROOMS!!Total housing units!!2 rooms",
"DP04_0029PM","Percent Margin of Error!!ROOMS!!Total housing units!!2 rooms",
"DP04_0030E","Estimate!!ROOMS!!Total housing units!!3 rooms",
"DP04_0030M","Margin of Error!!ROOMS!!Total housing units!!3 rooms",
"DP04_0030PE","Percent Estimate!!ROOMS!!Total housing units!!3 rooms",
"DP04_0030PM","Percent Margin of Error!!ROOMS!!Total housing units!!3 rooms",
"DP04_0031E","Estimate!!ROOMS!!Total housing units!!4 rooms",
"DP04_0031M","Margin of Error!!ROOMS!!Total housing units!!4 rooms",
"DP04_0031PE","Percent Estimate!!ROOMS!!Total housing units!!4 rooms",
"DP04_0031PM","Percent Margin of Error!!ROOMS!!Total housing units!!4 rooms",
"DP04_0032E","Estimate!!ROOMS!!Total housing units!!5 rooms",
"DP04_0032M","Margin of Error!!ROOMS!!Total housing units!!5 rooms",
"DP04_0032PE","Percent Estimate!!ROOMS!!Total housing units!!5 rooms",
"DP04_0032PM","Percent Margin of Error!!ROOMS!!Total housing units!!5 rooms",
"DP04_0033E","Estimate!!ROOMS!!Total housing units!!6 rooms",
"DP04_0033M","Margin of Error!!ROOMS!!Total housing units!!6 rooms",
"DP04_0033PE","Percent Estimate!!ROOMS!!Total housing units!!6 rooms",
"DP04_0033PM","Percent Margin of Error!!ROOMS!!Total housing units!!6 rooms",
"DP04_0034E","Estimate!!ROOMS!!Total housing units!!7 rooms",
"DP04_0034M","Margin of Error!!ROOMS!!Total housing units!!7 rooms",
"DP04_0034PE","Percent Estimate!!ROOMS!!Total housing units!!7 rooms",
"DP04_0034PM","Percent Margin of Error!!ROOMS!!Total housing units!!7 rooms",
"DP04_0035E","Estimate!!ROOMS!!Total housing units!!8 rooms",
"DP04_0035M","Margin of Error!!ROOMS!!Total housing units!!8 rooms",
"DP04_0035PE","Percent Estimate!!ROOMS!!Total housing units!!8 rooms",
"DP04_0035PM","Percent Margin of Error!!ROOMS!!Total housing units!!8 rooms",
"DP04_0036E","Estimate!!ROOMS!!Total housing units!!9 rooms or more",
"DP04_0036M","Margin of Error!!ROOMS!!Total housing units!!9 rooms or more",
"DP04_0036PE","Percent Estimate!!ROOMS!!Total housing units!!9 rooms or more",
"DP04_0036PM","Percent Margin of Error!!ROOMS!!Total housing units!!9 rooms or more",
"DP04_0037E","Estimate!!ROOMS!!Total housing units!!Median rooms",
"DP04_0037M","Margin of Error!!ROOMS!!Total housing units!!Median rooms",
"DP04_0037PE","Percent Estimate!!ROOMS!!Total housing units!!Median rooms",
"DP04_0037PM","Percent Margin of Error!!ROOMS!!Total housing units!!Median rooms",
"DP04_0038E","Estimate!!BEDROOMS!!Total housing units",
"DP04_0038M","Margin of Error!!BEDROOMS!!Total housing units",
"DP04_0038PE","Percent Estimate!!BEDROOMS!!Total housing units",
"DP04_0038PM","Percent Margin of Error!!BEDROOMS!!Total housing units",
"DP04_0039E","Estimate!!BEDROOMS!!Total housing units!!No bedroom",
"DP04_0039M","Margin of Error!!BEDROOMS!!Total housing units!!No bedroom",
"DP04_0039PE","Percent Estimate!!BEDROOMS!!Total housing units!!No bedroom",
"DP04_0039PM","Percent Margin of Error!!BEDROOMS!!Total housing units!!No bedroom",
"DP04_0040E","Estimate!!BEDROOMS!!Total housing units!!1 bedroom",
"DP04_0040M","Margin of Error!!BEDROOMS!!Total housing units!!1 bedroom",
"DP04_0040PE","Percent Estimate!!BEDROOMS!!Total housing units!!1 bedroom",
"DP04_0040PM","Percent Margin of Error!!BEDROOMS!!Total housing units!!1 bedroom",
"DP04_0041E","Estimate!!BEDROOMS!!Total housing units!!2 bedrooms",
"DP04_0041M","Margin of Error!!BEDROOMS!!Total housing units!!2 bedrooms",
"DP04_0041PE","Percent Estimate!!BEDROOMS!!Total housing units!!2 bedrooms",
"DP04_0041PM","Percent Margin of Error!!BEDROOMS!!Total housing units!!2 bedrooms",
"DP04_0042E","Estimate!!BEDROOMS!!Total housing units!!3 bedrooms",
"DP04_0042M","Margin of Error!!BEDROOMS!!Total housing units!!3 bedrooms",
"DP04_0042PE","Percent Estimate!!BEDROOMS!!Total housing units!!3 bedrooms",
"DP04_0042PM","Percent Margin of Error!!BEDROOMS!!Total housing units!!3 bedrooms",
"DP04_0043E","Estimate!!BEDROOMS!!Total housing units!!4 bedrooms",
"DP04_0043M","Margin of Error!!BEDROOMS!!Total housing units!!4 bedrooms",
"DP04_0043PE","Percent Estimate!!BEDROOMS!!Total housing units!!4 bedrooms",
"DP04_0043PM","Percent Margin of Error!!BEDROOMS!!Total housing units!!4 bedrooms",
"DP04_0044E","Estimate!!BEDROOMS!!Total housing units!!5 or more bedrooms",
"DP04_0044M","Margin of Error!!BEDROOMS!!Total housing units!!5 or more bedrooms",
"DP04_0044PE","Percent Estimate!!BEDROOMS!!Total housing units!!5 or more bedrooms",
"DP04_0044PM","Percent Margin of Error!!BEDROOMS!!Total housing units!!5 or more bedrooms",
"DP04_0045E","Estimate!!HOUSING TENURE!!Occupied housing units",
"DP04_0045M","Margin of Error!!HOUSING TENURE!!Occupied housing units",
"DP04_0045PE","Percent Estimate!!HOUSING TENURE!!Occupied housing units",
"DP04_0045PM","Percent Margin of Error!!HOUSING TENURE!!Occupied housing units",
"DP04_0046E","Estimate!!HOUSING TENURE!!Occupied housing units!!Owner-occupied",
"DP04_0046M","Margin of Error!!HOUSING TENURE!!Occupied housing units!!Owner-occupied",
"DP04_0046PE","Percent Estimate!!HOUSING TENURE!!Occupied housing units!!Owner-occupied",
"DP04_0046PM","Percent Margin of Error!!HOUSING TENURE!!Occupied housing units!!Owner-occupied",
"DP04_0047E","Estimate!!HOUSING TENURE!!Occupied housing units!!Renter-occupied",
"DP04_0047M","Margin of Error!!HOUSING TENURE!!Occupied housing units!!Renter-occupied",
"DP04_0047PE","Percent Estimate!!HOUSING TENURE!!Occupied housing units!!Renter-occupied",
"DP04_0047PM","Percent Margin of Error!!HOUSING TENURE!!Occupied housing units!!Renter-occupied",
"DP04_0048E","Estimate!!HOUSING TENURE!!Occupied housing units!!Average household size of owner-occupied unit",
"DP04_0048M","Margin of Error!!HOUSING TENURE!!Occupied housing units!!Average household size of owner-occupied unit",
"DP04_0048PE","Percent Estimate!!HOUSING TENURE!!Occupied housing units!!Average household size of owner-occupied unit",
"DP04_0048PM","Percent Margin of Error!!HOUSING TENURE!!Occupied housing units!!Average household size of owner-occupied unit",
"DP04_0049E","Estimate!!HOUSING TENURE!!Occupied housing units!!Average household size of renter-occupied unit",
"DP04_0049M","Margin of Error!!HOUSING TENURE!!Occupied housing units!!Average household size of renter-occupied unit",
"DP04_0049PE","Percent Estimate!!HOUSING TENURE!!Occupied housing units!!Average household size of renter-occupied unit",
"DP04_0049PM","Percent Margin of Error!!HOUSING TENURE!!Occupied housing units!!Average household size of renter-occupied unit",
"DP04_0050E","Estimate!!YEAR HOUSEHOLDER MOVED INTO UNIT!!Occupied housing units",
"DP04_0050M","Margin of Error!!YEAR HOUSEHOLDER MOVED INTO UNIT!!Occupied housing units",
"DP04_0050PE","Percent Estimate!!YEAR HOUSEHOLDER MOVED INTO UNIT!!Occupied housing units",
"DP04_0050PM","Percent Margin of Error!!YEAR HOUSEHOLDER MOVED INTO UNIT!!Occupied housing units",
"DP04_0051E","Estimate!!YEAR HOUSEHOLDER MOVED INTO UNIT!!Occupied housing units!!Moved in 2015 or later",
"DP04_0051M","Margin of Error!!YEAR HOUSEHOLDER MOVED INTO UNIT!!Occupied housing units!!Moved in 2015 or later",
"DP04_0051PE","Percent Estimate!!YEAR HOUSEHOLDER MOVED INTO UNIT!!Occupied housing units!!Moved in 2015 or later",
"DP04_0051PM","Percent Margin of Error!!YEAR HOUSEHOLDER MOVED INTO UNIT!!Occupied housing units!!Moved in 2015 or later",
"DP04_0052E","Estimate!!YEAR HOUSEHOLDER MOVED INTO UNIT!!Occupied housing units!!Moved in 2010 to 2014",
"DP04_0052M","Margin of Error!!YEAR HOUSEHOLDER MOVED INTO UNIT!!Occupied housing units!!Moved in 2010 to 2014",
"DP04_0052PE","Percent Estimate!!YEAR HOUSEHOLDER MOVED INTO UNIT!!Occupied housing units!!Moved in 2010 to 2014",
"DP04_0052PM","Percent Margin of Error!!YEAR HOUSEHOLDER MOVED INTO UNIT!!Occupied housing units!!Moved in 2010 to 2014",
"DP04_0053E","Estimate!!YEAR HOUSEHOLDER MOVED INTO UNIT!!Occupied housing units!!Moved in 2000 to 2009",
"DP04_0053M","Margin of Error!!YEAR HOUSEHOLDER MOVED INTO UNIT!!Occupied housing units!!Moved in 2000 to 2009",
"DP04_0053PE","Percent Estimate!!YEAR HOUSEHOLDER MOVED INTO UNIT!!Occupied housing units!!Moved in 2000 to 2009",
"DP04_0053PM","Percent Margin of Error!!YEAR HOUSEHOLDER MOVED INTO UNIT!!Occupied housing units!!Moved in 2000 to 2009",
"DP04_0054E","Estimate!!YEAR HOUSEHOLDER MOVED INTO UNIT!!Occupied housing units!!Moved in 1990 to 1999",
"DP04_0054M","Margin of Error!!YEAR HOUSEHOLDER MOVED INTO UNIT!!Occupied housing units!!Moved in 1990 to 1999",
"DP04_0054PE","Percent Estimate!!YEAR HOUSEHOLDER MOVED INTO UNIT!!Occupied housing units!!Moved in 1990 to 1999",
"DP04_0054PM","Percent Margin of Error!!YEAR HOUSEHOLDER MOVED INTO UNIT!!Occupied housing units!!Moved in 1990 to 1999",
"DP04_0055E","Estimate!!YEAR HOUSEHOLDER MOVED INTO UNIT!!Occupied housing units!!Moved in 1980 to 1989",
"DP04_0055M","Margin of Error!!YEAR HOUSEHOLDER MOVED INTO UNIT!!Occupied housing units!!Moved in 1980 to 1989",
"DP04_0055PE","Percent Estimate!!YEAR HOUSEHOLDER MOVED INTO UNIT!!Occupied housing units!!Moved in 1980 to 1989",
"DP04_0055PM","Percent Margin of Error!!YEAR HOUSEHOLDER MOVED INTO UNIT!!Occupied housing units!!Moved in 1980 to 1989",
"DP04_0056E","Estimate!!YEAR HOUSEHOLDER MOVED INTO UNIT!!Occupied housing units!!Moved in 1979 and earlier",
"DP04_0056M","Margin of Error!!YEAR HOUSEHOLDER MOVED INTO UNIT!!Occupied housing units!!Moved in 1979 and earlier",
"DP04_0056PE","Percent Estimate!!YEAR HOUSEHOLDER MOVED INTO UNIT!!Occupied housing units!!Moved in 1979 and earlier",
"DP04_0056PM","Percent Margin of Error!!YEAR HOUSEHOLDER MOVED INTO UNIT!!Occupied housing units!!Moved in 1979 and earlier",
"DP04_0057E","Estimate!!VEHICLES AVAILABLE!!Occupied housing units",
"DP04_0057M","Margin of Error!!VEHICLES AVAILABLE!!Occupied housing units",
"DP04_0057PE","Percent Estimate!!VEHICLES AVAILABLE!!Occupied housing units",
"DP04_0057PM","Percent Margin of Error!!VEHICLES AVAILABLE!!Occupied housing units",
"DP04_0058E","Estimate!!VEHICLES AVAILABLE!!Occupied housing units!!No vehicles available",
"DP04_0058M","Margin of Error!!VEHICLES AVAILABLE!!Occupied housing units!!No vehicles available",
"DP04_0058PE","Percent Estimate!!VEHICLES AVAILABLE!!Occupied housing units!!No vehicles available",
"DP04_0058PM","Percent Margin of Error!!VEHICLES AVAILABLE!!Occupied housing units!!No vehicles available",
"DP04_0059E","Estimate!!VEHICLES AVAILABLE!!Occupied housing units!!1 vehicle available",
"DP04_0059M","Margin of Error!!VEHICLES AVAILABLE!!Occupied housing units!!1 vehicle available",
"DP04_0059PE","Percent Estimate!!VEHICLES AVAILABLE!!Occupied housing units!!1 vehicle available",
"DP04_0059PM","Percent Margin of Error!!VEHICLES AVAILABLE!!Occupied housing units!!1 vehicle available",
"DP04_0060E","Estimate!!VEHICLES AVAILABLE!!Occupied housing units!!2 vehicles available",
"DP04_0060M","Margin of Error!!VEHICLES AVAILABLE!!Occupied housing units!!2 vehicles available",
"DP04_0060PE","Percent Estimate!!VEHICLES AVAILABLE!!Occupied housing units!!2 vehicles available",
"DP04_0060PM","Percent Margin of Error!!VEHICLES AVAILABLE!!Occupied housing units!!2 vehicles available",
"DP04_0061E","Estimate!!VEHICLES AVAILABLE!!Occupied housing units!!3 or more vehicles available",
"DP04_0061M","Margin of Error!!VEHICLES AVAILABLE!!Occupied housing units!!3 or more vehicles available",
"DP04_0061PE","Percent Estimate!!VEHICLES AVAILABLE!!Occupied housing units!!3 or more vehicles available",
"DP04_0061PM","Percent Margin of Error!!VEHICLES AVAILABLE!!Occupied housing units!!3 or more vehicles available",
"DP04_0062E","Estimate!!HOUSE HEATING FUEL!!Occupied housing units",
"DP04_0062M","Margin of Error!!HOUSE HEATING FUEL!!Occupied housing units",
"DP04_0062PE","Percent Estimate!!HOUSE HEATING FUEL!!Occupied housing units",
"DP04_0062PM","Percent Margin of Error!!HOUSE HEATING FUEL!!Occupied housing units",
"DP04_0063E","Estimate!!HOUSE HEATING FUEL!!Occupied housing units!!Utility gas",
"DP04_0063M","Margin of Error!!HOUSE HEATING FUEL!!Occupied housing units!!Utility gas",
"DP04_0063PE","Percent Estimate!!HOUSE HEATING FUEL!!Occupied housing units!!Utility gas",
"DP04_0063PM","Percent Margin of Error!!HOUSE HEATING FUEL!!Occupied housing units!!Utility gas",
"DP04_0064E","Estimate!!HOUSE HEATING FUEL!!Occupied housing units!!Bottled tank or LP gas",
"DP04_0064M","Margin of Error!!HOUSE HEATING FUEL!!Occupied housing units!!Bottled tank or LP gas",
"DP04_0064PE","Percent Estimate!!HOUSE HEATING FUEL!!Occupied housing units!!Bottled tank or LP gas",
"DP04_0064PM","Percent Margin of Error!!HOUSE HEATING FUEL!!Occupied housing units!!Bottled tank or LP gas",
"DP04_0065E","Estimate!!HOUSE HEATING FUEL!!Occupied housing units!!Electricity",
"DP04_0065M","Margin of Error!!HOUSE HEATING FUEL!!Occupied housing units!!Electricity",
"DP04_0065PE","Percent Estimate!!HOUSE HEATING FUEL!!Occupied housing units!!Electricity",
"DP04_0065PM","Percent Margin of Error!!HOUSE HEATING FUEL!!Occupied housing units!!Electricity",
"DP04_0066E","Estimate!!HOUSE HEATING FUEL!!Occupied housing units!!Fuel oil kerosene etc.",
"DP04_0066M","Margin of Error!!HOUSE HEATING FUEL!!Occupied housing units!!Fuel oil kerosene etc.",
"DP04_0066PE","Percent Estimate!!HOUSE HEATING FUEL!!Occupied housing units!!Fuel oil kerosene etc.",
"DP04_0066PM","Percent Margin of Error!!HOUSE HEATING FUEL!!Occupied housing units!!Fuel oil kerosene etc.",
"DP04_0067E","Estimate!!HOUSE HEATING FUEL!!Occupied housing units!!Coal or coke",
"DP04_0067M","Margin of Error!!HOUSE HEATING FUEL!!Occupied housing units!!Coal or coke",
"DP04_0067PE","Percent Estimate!!HOUSE HEATING FUEL!!Occupied housing units!!Coal or coke",
"DP04_0067PM","Percent Margin of Error!!HOUSE HEATING FUEL!!Occupied housing units!!Coal or coke",
"DP04_0068E","Estimate!!HOUSE HEATING FUEL!!Occupied housing units!!Wood",
"DP04_0068M","Margin of Error!!HOUSE HEATING FUEL!!Occupied housing units!!Wood",
"DP04_0068PE","Percent Estimate!!HOUSE HEATING FUEL!!Occupied housing units!!Wood",
"DP04_0068PM","Percent Margin of Error!!HOUSE HEATING FUEL!!Occupied housing units!!Wood",
"DP04_0069E","Estimate!!HOUSE HEATING FUEL!!Occupied housing units!!Solar energy",
"DP04_0069M","Margin of Error!!HOUSE HEATING FUEL!!Occupied housing units!!Solar energy",
"DP04_0069PE","Percent Estimate!!HOUSE HEATING FUEL!!Occupied housing units!!Solar energy",
"DP04_0069PM","Percent Margin of Error!!HOUSE HEATING FUEL!!Occupied housing units!!Solar energy",
"DP04_0070E","Estimate!!HOUSE HEATING FUEL!!Occupied housing units!!Other fuel",
"DP04_0070M","Margin of Error!!HOUSE HEATING FUEL!!Occupied housing units!!Other fuel",
"DP04_0070PE","Percent Estimate!!HOUSE HEATING FUEL!!Occupied housing units!!Other fuel",
"DP04_0070PM","Percent Margin of Error!!HOUSE HEATING FUEL!!Occupied housing units!!Other fuel",
"DP04_0071E","Estimate!!HOUSE HEATING FUEL!!Occupied housing units!!No fuel used",
"DP04_0071M","Margin of Error!!HOUSE HEATING FUEL!!Occupied housing units!!No fuel used",
"DP04_0071PE","Percent Estimate!!HOUSE HEATING FUEL!!Occupied housing units!!No fuel used",
"DP04_0071PM","Percent Margin of Error!!HOUSE HEATING FUEL!!Occupied housing units!!No fuel used",
"DP04_0072E","Estimate!!SELECTED CHARACTERISTICS!!Occupied housing units",
"DP04_0072M","Margin of Error!!SELECTED CHARACTERISTICS!!Occupied housing units",
"DP04_0072PE","Percent Estimate!!SELECTED CHARACTERISTICS!!Occupied housing units",
"DP04_0072PM","Percent Margin of Error!!SELECTED CHARACTERISTICS!!Occupied housing units",
"DP04_0073E","Estimate!!SELECTED CHARACTERISTICS!!Occupied housing units!!Lacking complete plumbing facilities",
"DP04_0073M","Margin of Error!!SELECTED CHARACTERISTICS!!Occupied housing units!!Lacking complete plumbing facilities",
"DP04_0073PE","Percent Estimate!!SELECTED CHARACTERISTICS!!Occupied housing units!!Lacking complete plumbing facilities",
"DP04_0073PM","Percent Margin of Error!!SELECTED CHARACTERISTICS!!Occupied housing units!!Lacking complete plumbing facilities",
"DP04_0074E","Estimate!!SELECTED CHARACTERISTICS!!Occupied housing units!!Lacking complete kitchen facilities",
"DP04_0074M","Margin of Error!!SELECTED CHARACTERISTICS!!Occupied housing units!!Lacking complete kitchen facilities",
"DP04_0074PE","Percent Estimate!!SELECTED CHARACTERISTICS!!Occupied housing units!!Lacking complete kitchen facilities",
"DP04_0074PM","Percent Margin of Error!!SELECTED CHARACTERISTICS!!Occupied housing units!!Lacking complete kitchen facilities",
"DP04_0075E","Estimate!!SELECTED CHARACTERISTICS!!Occupied housing units!!No telephone service available",
"DP04_0075M","Margin of Error!!SELECTED CHARACTERISTICS!!Occupied housing units!!No telephone service available",
"DP04_0075PE","Percent Estimate!!SELECTED CHARACTERISTICS!!Occupied housing units!!No telephone service available",
"DP04_0075PM","Percent Margin of Error!!SELECTED CHARACTERISTICS!!Occupied housing units!!No telephone service available",
"DP04_0076E","Estimate!!OCCUPANTS PER ROOM!!Occupied housing units",
"DP04_0076M","Margin of Error!!OCCUPANTS PER ROOM!!Occupied housing units",
"DP04_0076PE","Percent Estimate!!OCCUPANTS PER ROOM!!Occupied housing units",
"DP04_0076PM","Percent Margin of Error!!OCCUPANTS PER ROOM!!Occupied housing units",
"DP04_0077E","Estimate!!OCCUPANTS PER ROOM!!Occupied housing units!!1.00 or less",
"DP04_0077M","Margin of Error!!OCCUPANTS PER ROOM!!Occupied housing units!!1.00 or less",
"DP04_0077PE","Percent Estimate!!OCCUPANTS PER ROOM!!Occupied housing units!!1.00 or less",
"DP04_0077PM","Percent Margin of Error!!OCCUPANTS PER ROOM!!Occupied housing units!!1.00 or less",
"DP04_0078E","Estimate!!OCCUPANTS PER ROOM!!Occupied housing units!!1.01 to 1.50",
"DP04_0078M","Margin of Error!!OCCUPANTS PER ROOM!!Occupied housing units!!1.01 to 1.50",
"DP04_0078PE","Percent Estimate!!OCCUPANTS PER ROOM!!Occupied housing units!!1.01 to 1.50",
"DP04_0078PM","Percent Margin of Error!!OCCUPANTS PER ROOM!!Occupied housing units!!1.01 to 1.50",
"DP04_0079E","Estimate!!OCCUPANTS PER ROOM!!Occupied housing units!!1.51 or more",
"DP04_0079M","Margin of Error!!OCCUPANTS PER ROOM!!Occupied housing units!!1.51 or more",
"DP04_0079PE","Percent Estimate!!OCCUPANTS PER ROOM!!Occupied housing units!!1.51 or more",
"DP04_0079PM","Percent Margin of Error!!OCCUPANTS PER ROOM!!Occupied housing units!!1.51 or more",
"DP04_0080E","Estimate!!VALUE!!Owner-occupied units",
"DP04_0080M","Margin of Error!!VALUE!!Owner-occupied units",
"DP04_0080PE","Percent Estimate!!VALUE!!Owner-occupied units",
"DP04_0080PM","Percent Margin of Error!!VALUE!!Owner-occupied units",
"DP04_0081E","Estimate!!VALUE!!Owner-occupied units!!Less than $50 000",
"DP04_0081M","Margin of Error!!VALUE!!Owner-occupied units!!Less than $50 000",
"DP04_0081PE","Percent Estimate!!VALUE!!Owner-occupied units!!Less than $50 000",
"DP04_0081PM","Percent Margin of Error!!VALUE!!Owner-occupied units!!Less than $50 000",
"DP04_0082E","Estimate!!VALUE!!Owner-occupied units!!$50 000 to $99 999",
"DP04_0082M","Margin of Error!!VALUE!!Owner-occupied units!!$50 000 to $99 999",
"DP04_0082PE","Percent Estimate!!VALUE!!Owner-occupied units!!$50 000 to $99 999",
"DP04_0082PM","Percent Margin of Error!!VALUE!!Owner-occupied units!!$50 000 to $99 999",
"DP04_0083E","Estimate!!VALUE!!Owner-occupied units!!$100 000 to $149 999",
"DP04_0083M","Margin of Error!!VALUE!!Owner-occupied units!!$100 000 to $149 999",
"DP04_0083PE","Percent Estimate!!VALUE!!Owner-occupied units!!$100 000 to $149 999",
"DP04_0083PM","Percent Margin of Error!!VALUE!!Owner-occupied units!!$100 000 to $149 999",
"DP04_0084E","Estimate!!VALUE!!Owner-occupied units!!$150 000 to $199 999",
"DP04_0084M","Margin of Error!!VALUE!!Owner-occupied units!!$150 000 to $199 999",
"DP04_0084PE","Percent Estimate!!VALUE!!Owner-occupied units!!$150 000 to $199 999",
"DP04_0084PM","Percent Margin of Error!!VALUE!!Owner-occupied units!!$150 000 to $199 999",
"DP04_0085E","Estimate!!VALUE!!Owner-occupied units!!$200 000 to $299 999",
"DP04_0085M","Margin of Error!!VALUE!!Owner-occupied units!!$200 000 to $299 999",
"DP04_0085PE","Percent Estimate!!VALUE!!Owner-occupied units!!$200 000 to $299 999",
"DP04_0085PM","Percent Margin of Error!!VALUE!!Owner-occupied units!!$200 000 to $299 999",
"DP04_0086E","Estimate!!VALUE!!Owner-occupied units!!$300 000 to $499 999",
"DP04_0086M","Margin of Error!!VALUE!!Owner-occupied units!!$300 000 to $499 999",
"DP04_0086PE","Percent Estimate!!VALUE!!Owner-occupied units!!$300 000 to $499 999",
"DP04_0086PM","Percent Margin of Error!!VALUE!!Owner-occupied units!!$300 000 to $499 999",
"DP04_0087E","Estimate!!VALUE!!Owner-occupied units!!$500 000 to $999 999",
"DP04_0087M","Margin of Error!!VALUE!!Owner-occupied units!!$500 000 to $999 999",
"DP04_0087PE","Percent Estimate!!VALUE!!Owner-occupied units!!$500 000 to $999 999",
"DP04_0087PM","Percent Margin of Error!!VALUE!!Owner-occupied units!!$500 000 to $999 999",
"DP04_0088E","Estimate!!VALUE!!Owner-occupied units!!$1 000 000 or more",
"DP04_0088M","Margin of Error!!VALUE!!Owner-occupied units!!$1 000 000 or more",
"DP04_0088PE","Percent Estimate!!VALUE!!Owner-occupied units!!$1 000 000 or more",
"DP04_0088PM","Percent Margin of Error!!VALUE!!Owner-occupied units!!$1 000 000 or more",
"DP04_0089E","Estimate!!VALUE!!Owner-occupied units!!Median (dollars)",
"DP04_0089M","Margin of Error!!VALUE!!Owner-occupied units!!Median (dollars)",
"DP04_0089PE","Percent Estimate!!VALUE!!Owner-occupied units!!Median (dollars)",
"DP04_0089PM","Percent Margin of Error!!VALUE!!Owner-occupied units!!Median (dollars)",
"DP04_0090E","Estimate!!MORTGAGE STATUS!!Owner-occupied units",
"DP04_0090M","Margin of Error!!MORTGAGE STATUS!!Owner-occupied units",
"DP04_0090PE","Percent Estimate!!MORTGAGE STATUS!!Owner-occupied units",
"DP04_0090PM","Percent Margin of Error!!MORTGAGE STATUS!!Owner-occupied units",
"DP04_0091E","Estimate!!MORTGAGE STATUS!!Owner-occupied units!!Housing units with a mortgage",
"DP04_0091M","Margin of Error!!MORTGAGE STATUS!!Owner-occupied units!!Housing units with a mortgage",
"DP04_0091PE","Percent Estimate!!MORTGAGE STATUS!!Owner-occupied units!!Housing units with a mortgage",
"DP04_0091PM","Percent Margin of Error!!MORTGAGE STATUS!!Owner-occupied units!!Housing units with a mortgage",
"DP04_0092E","Estimate!!MORTGAGE STATUS!!Owner-occupied units!!Housing units without a mortgage",
"DP04_0092M","Margin of Error!!MORTGAGE STATUS!!Owner-occupied units!!Housing units without a mortgage",
"DP04_0092PE","Percent Estimate!!MORTGAGE STATUS!!Owner-occupied units!!Housing units without a mortgage",
"DP04_0092PM","Percent Margin of Error!!MORTGAGE STATUS!!Owner-occupied units!!Housing units without a mortgage",
"DP04_0093E","Estimate!!SELECTED MONTHLY OWNER COSTS (SMOC)!!Housing units with a mortgage",
"DP04_0093M","Margin of Error!!SELECTED MONTHLY OWNER COSTS (SMOC)!!Housing units with a mortgage",
"DP04_0093PE","Percent Estimate!!SELECTED MONTHLY OWNER COSTS (SMOC)!!Housing units with a mortgage",
"DP04_0093PM","Percent Margin of Error!!SELECTED MONTHLY OWNER COSTS (SMOC)!!Housing units with a mortgage",
"DP04_0094E","Estimate!!SELECTED MONTHLY OWNER COSTS (SMOC)!!Housing units with a mortgage!!Less than $500",
"DP04_0094M","Margin of Error!!SELECTED MONTHLY OWNER COSTS (SMOC)!!Housing units with a mortgage!!Less than $500",
"DP04_0094PE","Percent Estimate!!SELECTED MONTHLY OWNER COSTS (SMOC)!!Housing units with a mortgage!!Less than $500",
"DP04_0094PM","Percent Margin of Error!!SELECTED MONTHLY OWNER COSTS (SMOC)!!Housing units with a mortgage!!Less than $500",
"DP04_0095E","Estimate!!SELECTED MONTHLY OWNER COSTS (SMOC)!!Housing units with a mortgage!!$500 to $999",
"DP04_0095M","Margin of Error!!SELECTED MONTHLY OWNER COSTS (SMOC)!!Housing units with a mortgage!!$500 to $999",
"DP04_0095PE","Percent Estimate!!SELECTED MONTHLY OWNER COSTS (SMOC)!!Housing units with a mortgage!!$500 to $999",
"DP04_0095PM","Percent Margin of Error!!SELECTED MONTHLY OWNER COSTS (SMOC)!!Housing units with a mortgage!!$500 to $999",
"DP04_0096E","Estimate!!SELECTED MONTHLY OWNER COSTS (SMOC)!!Housing units with a mortgage!!$1 000 to $1 499",
"DP04_0096M","Margin of Error!!SELECTED MONTHLY OWNER COSTS (SMOC)!!Housing units with a mortgage!!$1 000 to $1 499",
"DP04_0096PE","Percent Estimate!!SELECTED MONTHLY OWNER COSTS (SMOC)!!Housing units with a mortgage!!$1 000 to $1 499",
"DP04_0096PM","Percent Margin of Error!!SELECTED MONTHLY OWNER COSTS (SMOC)!!Housing units with a mortgage!!$1 000 to $1 499",
"DP04_0097E","Estimate!!SELECTED MONTHLY OWNER COSTS (SMOC)!!Housing units with a mortgage!!$1 500 to $1 999",
"DP04_0097M","Margin of Error!!SELECTED MONTHLY OWNER COSTS (SMOC)!!Housing units with a mortgage!!$1 500 to $1 999",
"DP04_0097PE","Percent Estimate!!SELECTED MONTHLY OWNER COSTS (SMOC)!!Housing units with a mortgage!!$1 500 to $1 999",
"DP04_0097PM","Percent Margin of Error!!SELECTED MONTHLY OWNER COSTS (SMOC)!!Housing units with a mortgage!!$1 500 to $1 999",
"DP04_0098E","Estimate!!SELECTED MONTHLY OWNER COSTS (SMOC)!!Housing units with a mortgage!!$2 000 to $2 499",
"DP04_0098M","Margin of Error!!SELECTED MONTHLY OWNER COSTS (SMOC)!!Housing units with a mortgage!!$2 000 to $2 499",
"DP04_0098PE","Percent Estimate!!SELECTED MONTHLY OWNER COSTS (SMOC)!!Housing units with a mortgage!!$2 000 to $2 499",
"DP04_0098PM","Percent Margin of Error!!SELECTED MONTHLY OWNER COSTS (SMOC)!!Housing units with a mortgage!!$2 000 to $2 499",
"DP04_0099E","Estimate!!SELECTED MONTHLY OWNER COSTS (SMOC)!!Housing units with a mortgage!!$2 500 to $2 999",
"DP04_0099M","Margin of Error!!SELECTED MONTHLY OWNER COSTS (SMOC)!!Housing units with a mortgage!!$2 500 to $2 999",
"DP04_0099PE","Percent Estimate!!SELECTED MONTHLY OWNER COSTS (SMOC)!!Housing units with a mortgage!!$2 500 to $2 999",
"DP04_0099PM","Percent Margin of Error!!SELECTED MONTHLY OWNER COSTS (SMOC)!!Housing units with a mortgage!!$2 500 to $2 999",
"DP04_0100E","Estimate!!SELECTED MONTHLY OWNER COSTS (SMOC)!!Housing units with a mortgage!!$3 000 or more",
"DP04_0100M","Margin of Error!!SELECTED MONTHLY OWNER COSTS (SMOC)!!Housing units with a mortgage!!$3 000 or more",
"DP04_0100PE","Percent Estimate!!SELECTED MONTHLY OWNER COSTS (SMOC)!!Housing units with a mortgage!!$3 000 or more",
"DP04_0100PM","Percent Margin of Error!!SELECTED MONTHLY OWNER COSTS (SMOC)!!Housing units with a mortgage!!$3 000 or more",
"DP04_0101E","Estimate!!SELECTED MONTHLY OWNER COSTS (SMOC)!!Housing units with a mortgage!!Median (dollars)",
"DP04_0101M","Margin of Error!!SELECTED MONTHLY OWNER COSTS (SMOC)!!Housing units with a mortgage!!Median (dollars)",
"DP04_0101PE","Percent Estimate!!SELECTED MONTHLY OWNER COSTS (SMOC)!!Housing units with a mortgage!!Median (dollars)",
"DP04_0101PM","Percent Margin of Error!!SELECTED MONTHLY OWNER COSTS (SMOC)!!Housing units with a mortgage!!Median (dollars)",
"DP04_0102E","Estimate!!SELECTED MONTHLY OWNER COSTS (SMOC)!!Housing units without a mortgage",
"DP04_0102M","Margin of Error!!SELECTED MONTHLY OWNER COSTS (SMOC)!!Housing units without a mortgage",
"DP04_0102PE","Percent Estimate!!SELECTED MONTHLY OWNER COSTS (SMOC)!!Housing units without a mortgage",
"DP04_0102PM","Percent Margin of Error!!SELECTED MONTHLY OWNER COSTS (SMOC)!!Housing units without a mortgage",
"DP04_0103E","Estimate!!SELECTED MONTHLY OWNER COSTS (SMOC)!!Housing units without a mortgage!!Less than $250",
"DP04_0103M","Margin of Error!!SELECTED MONTHLY OWNER COSTS (SMOC)!!Housing units without a mortgage!!Less than $250",
"DP04_0103PE","Percent Estimate!!SELECTED MONTHLY OWNER COSTS (SMOC)!!Housing units without a mortgage!!Less than $250",
"DP04_0103PM","Percent Margin of Error!!SELECTED MONTHLY OWNER COSTS (SMOC)!!Housing units without a mortgage!!Less than $250",
"DP04_0104E","Estimate!!SELECTED MONTHLY OWNER COSTS (SMOC)!!Housing units without a mortgage!!$250 to $399",
"DP04_0104M","Margin of Error!!SELECTED MONTHLY OWNER COSTS (SMOC)!!Housing units without a mortgage!!$250 to $399",
"DP04_0104PE","Percent Estimate!!SELECTED MONTHLY OWNER COSTS (SMOC)!!Housing units without a mortgage!!$250 to $399",
"DP04_0104PM","Percent Margin of Error!!SELECTED MONTHLY OWNER COSTS (SMOC)!!Housing units without a mortgage!!$250 to $399",
"DP04_0105E","Estimate!!SELECTED MONTHLY OWNER COSTS (SMOC)!!Housing units without a mortgage!!$400 to $599",
"DP04_0105M","Margin of Error!!SELECTED MONTHLY OWNER COSTS (SMOC)!!Housing units without a mortgage!!$400 to $599",
"DP04_0105PE","Percent Estimate!!SELECTED MONTHLY OWNER COSTS (SMOC)!!Housing units without a mortgage!!$400 to $599",
"DP04_0105PM","Percent Margin of Error!!SELECTED MONTHLY OWNER COSTS (SMOC)!!Housing units without a mortgage!!$400 to $599",
"DP04_0106E","Estimate!!SELECTED MONTHLY OWNER COSTS (SMOC)!!Housing units without a mortgage!!$600 to $799",
"DP04_0106M","Margin of Error!!SELECTED MONTHLY OWNER COSTS (SMOC)!!Housing units without a mortgage!!$600 to $799",
"DP04_0106PE","Percent Estimate!!SELECTED MONTHLY OWNER COSTS (SMOC)!!Housing units without a mortgage!!$600 to $799",
"DP04_0106PM","Percent Margin of Error!!SELECTED MONTHLY OWNER COSTS (SMOC)!!Housing units without a mortgage!!$600 to $799",
"DP04_0107E","Estimate!!SELECTED MONTHLY OWNER COSTS (SMOC)!!Housing units without a mortgage!!$800 to $999",
"DP04_0107M","Margin of Error!!SELECTED MONTHLY OWNER COSTS (SMOC)!!Housing units without a mortgage!!$800 to $999",
"DP04_0107PE","Percent Estimate!!SELECTED MONTHLY OWNER COSTS (SMOC)!!Housing units without a mortgage!!$800 to $999",
"DP04_0107PM","Percent Margin of Error!!SELECTED MONTHLY OWNER COSTS (SMOC)!!Housing units without a mortgage!!$800 to $999",
"DP04_0108E","Estimate!!SELECTED MONTHLY OWNER COSTS (SMOC)!!Housing units without a mortgage!!$1 000 or more",
"DP04_0108M","Margin of Error!!SELECTED MONTHLY OWNER COSTS (SMOC)!!Housing units without a mortgage!!$1 000 or more",
"DP04_0108PE","Percent Estimate!!SELECTED MONTHLY OWNER COSTS (SMOC)!!Housing units without a mortgage!!$1 000 or more",
"DP04_0108PM","Percent Margin of Error!!SELECTED MONTHLY OWNER COSTS (SMOC)!!Housing units without a mortgage!!$1 000 or more",
"DP04_0109E","Estimate!!SELECTED MONTHLY OWNER COSTS (SMOC)!!Housing units without a mortgage!!Median (dollars)",
"DP04_0109M","Margin of Error!!SELECTED MONTHLY OWNER COSTS (SMOC)!!Housing units without a mortgage!!Median (dollars)",
"DP04_0109PE","Percent Estimate!!SELECTED MONTHLY OWNER COSTS (SMOC)!!Housing units without a mortgage!!Median (dollars)",
"DP04_0109PM","Percent Margin of Error!!SELECTED MONTHLY OWNER COSTS (SMOC)!!Housing units without a mortgage!!Median (dollars)",
"DP04_0110E","Estimate!!SELECTED MONTHLY OWNER COSTS AS A PERCENTAGE OF HOUSEHOLD INCOME (SMOCAPI)!!Housing units with a mortgage (excluding units where SMOCAPI cannot be computed)",
"DP04_0110M","Margin of Error!!SELECTED MONTHLY OWNER COSTS AS A PERCENTAGE OF HOUSEHOLD INCOME (SMOCAPI)!!Housing units with a mortgage (excluding units where SMOCAPI cannot be computed)",
"DP04_0110PE","Percent Estimate!!SELECTED MONTHLY OWNER COSTS AS A PERCENTAGE OF HOUSEHOLD INCOME (SMOCAPI)!!Housing units with a mortgage (excluding units where SMOCAPI cannot be computed)",
"DP04_0110PM","Percent Margin of Error!!SELECTED MONTHLY OWNER COSTS AS A PERCENTAGE OF HOUSEHOLD INCOME (SMOCAPI)!!Housing units with a mortgage (excluding units where SMOCAPI cannot be computed)",
"DP04_0111E","Estimate!!SELECTED MONTHLY OWNER COSTS AS A PERCENTAGE OF HOUSEHOLD INCOME (SMOCAPI)!!Housing units with a mortgage (excluding units where SMOCAPI cannot be computed)!!Less than 20.0 percent",
"DP04_0111M","Margin of Error!!SELECTED MONTHLY OWNER COSTS AS A PERCENTAGE OF HOUSEHOLD INCOME (SMOCAPI)!!Housing units with a mortgage (excluding units where SMOCAPI cannot be computed)!!Less than 20.0 percent",
"DP04_0111PE","Percent Estimate!!SELECTED MONTHLY OWNER COSTS AS A PERCENTAGE OF HOUSEHOLD INCOME (SMOCAPI)!!Housing units with a mortgage (excluding units where SMOCAPI cannot be computed)!!Less than 20.0 percent",
"DP04_0111PM","Percent Margin of Error!!SELECTED MONTHLY OWNER COSTS AS A PERCENTAGE OF HOUSEHOLD INCOME (SMOCAPI)!!Housing units with a mortgage (excluding units where SMOCAPI cannot be computed)!!Less than 20.0 percent",
"DP04_0112E","Estimate!!SELECTED MONTHLY OWNER COSTS AS A PERCENTAGE OF HOUSEHOLD INCOME (SMOCAPI)!!Housing units with a mortgage (excluding units where SMOCAPI cannot be computed)!!20.0 to 24.9 percent",
"DP04_0112M","Margin of Error!!SELECTED MONTHLY OWNER COSTS AS A PERCENTAGE OF HOUSEHOLD INCOME (SMOCAPI)!!Housing units with a mortgage (excluding units where SMOCAPI cannot be computed)!!20.0 to 24.9 percent",
"DP04_0112PE","Percent Estimate!!SELECTED MONTHLY OWNER COSTS AS A PERCENTAGE OF HOUSEHOLD INCOME (SMOCAPI)!!Housing units with a mortgage (excluding units where SMOCAPI cannot be computed)!!20.0 to 24.9 percent",
"DP04_0112PM","Percent Margin of Error!!SELECTED MONTHLY OWNER COSTS AS A PERCENTAGE OF HOUSEHOLD INCOME (SMOCAPI)!!Housing units with a mortgage (excluding units where SMOCAPI cannot be computed)!!20.0 to 24.9 percent",
"DP04_0113E","Estimate!!SELECTED MONTHLY OWNER COSTS AS A PERCENTAGE OF HOUSEHOLD INCOME (SMOCAPI)!!Housing units with a mortgage (excluding units where SMOCAPI cannot be computed)!!25.0 to 29.9 percent",
"DP04_0113M","Margin of Error!!SELECTED MONTHLY OWNER COSTS AS A PERCENTAGE OF HOUSEHOLD INCOME (SMOCAPI)!!Housing units with a mortgage (excluding units where SMOCAPI cannot be computed)!!25.0 to 29.9 percent",
"DP04_0113PE","Percent Estimate!!SELECTED MONTHLY OWNER COSTS AS A PERCENTAGE OF HOUSEHOLD INCOME (SMOCAPI)!!Housing units with a mortgage (excluding units where SMOCAPI cannot be computed)!!25.0 to 29.9 percent",
"DP04_0113PM","Percent Margin of Error!!SELECTED MONTHLY OWNER COSTS AS A PERCENTAGE OF HOUSEHOLD INCOME (SMOCAPI)!!Housing units with a mortgage (excluding units where SMOCAPI cannot be computed)!!25.0 to 29.9 percent",
"DP04_0114E","Estimate!!SELECTED MONTHLY OWNER COSTS AS A PERCENTAGE OF HOUSEHOLD INCOME (SMOCAPI)!!Housing units with a mortgage (excluding units where SMOCAPI cannot be computed)!!30.0 to 34.9 percent",
"DP04_0114M","Margin of Error!!SELECTED MONTHLY OWNER COSTS AS A PERCENTAGE OF HOUSEHOLD INCOME (SMOCAPI)!!Housing units with a mortgage (excluding units where SMOCAPI cannot be computed)!!30.0 to 34.9 percent",
"DP04_0114PE","Percent Estimate!!SELECTED MONTHLY OWNER COSTS AS A PERCENTAGE OF HOUSEHOLD INCOME (SMOCAPI)!!Housing units with a mortgage (excluding units where SMOCAPI cannot be computed)!!30.0 to 34.9 percent",
"DP04_0114PM","Percent Margin of Error!!SELECTED MONTHLY OWNER COSTS AS A PERCENTAGE OF HOUSEHOLD INCOME (SMOCAPI)!!Housing units with a mortgage (excluding units where SMOCAPI cannot be computed)!!30.0 to 34.9 percent",
"DP04_0115E","Estimate!!SELECTED MONTHLY OWNER COSTS AS A PERCENTAGE OF HOUSEHOLD INCOME (SMOCAPI)!!Housing units with a mortgage (excluding units where SMOCAPI cannot be computed)!!35.0 percent or more",
"DP04_0115M","Margin of Error!!SELECTED MONTHLY OWNER COSTS AS A PERCENTAGE OF HOUSEHOLD INCOME (SMOCAPI)!!Housing units with a mortgage (excluding units where SMOCAPI cannot be computed)!!35.0 percent or more",
"DP04_0115PE","Percent Estimate!!SELECTED MONTHLY OWNER COSTS AS A PERCENTAGE OF HOUSEHOLD INCOME (SMOCAPI)!!Housing units with a mortgage (excluding units where SMOCAPI cannot be computed)!!35.0 percent or more",
"DP04_0115PM","Percent Margin of Error!!SELECTED MONTHLY OWNER COSTS AS A PERCENTAGE OF HOUSEHOLD INCOME (SMOCAPI)!!Housing units with a mortgage (excluding units where SMOCAPI cannot be computed)!!35.0 percent or more",
"DP04_0116E","Estimate!!SELECTED MONTHLY OWNER COSTS AS A PERCENTAGE OF HOUSEHOLD INCOME (SMOCAPI)!!Housing units with a mortgage (excluding units where SMOCAPI cannot be computed)!!Not computed",
"DP04_0116M","Margin of Error!!SELECTED MONTHLY OWNER COSTS AS A PERCENTAGE OF HOUSEHOLD INCOME (SMOCAPI)!!Housing units with a mortgage (excluding units where SMOCAPI cannot be computed)!!Not computed",
"DP04_0116PE","Percent Estimate!!SELECTED MONTHLY OWNER COSTS AS A PERCENTAGE OF HOUSEHOLD INCOME (SMOCAPI)!!Housing units with a mortgage (excluding units where SMOCAPI cannot be computed)!!Not computed",
"DP04_0116PM","Percent Margin of Error!!SELECTED MONTHLY OWNER COSTS AS A PERCENTAGE OF HOUSEHOLD INCOME (SMOCAPI)!!Housing units with a mortgage (excluding units where SMOCAPI cannot be computed)!!Not computed",
"DP04_0117E","Estimate!!SELECTED MONTHLY OWNER COSTS AS A PERCENTAGE OF HOUSEHOLD INCOME (SMOCAPI)!!Housing unit without a mortgage (excluding units where SMOCAPI cannot be computed)",
"DP04_0117M","Margin of Error!!SELECTED MONTHLY OWNER COSTS AS A PERCENTAGE OF HOUSEHOLD INCOME (SMOCAPI)!!Housing unit without a mortgage (excluding units where SMOCAPI cannot be computed)",
"DP04_0117PE","Percent Estimate!!SELECTED MONTHLY OWNER COSTS AS A PERCENTAGE OF HOUSEHOLD INCOME (SMOCAPI)!!Housing unit without a mortgage (excluding units where SMOCAPI cannot be computed)",
"DP04_0117PM","Percent Margin of Error!!SELECTED MONTHLY OWNER COSTS AS A PERCENTAGE OF HOUSEHOLD INCOME (SMOCAPI)!!Housing unit without a mortgage (excluding units where SMOCAPI cannot be computed)",
"DP04_0118E","Estimate!!SELECTED MONTHLY OWNER COSTS AS A PERCENTAGE OF HOUSEHOLD INCOME (SMOCAPI)!!Housing unit without a mortgage (excluding units where SMOCAPI cannot be computed)!!Less than 10.0 percent",
"DP04_0118M","Margin of Error!!SELECTED MONTHLY OWNER COSTS AS A PERCENTAGE OF HOUSEHOLD INCOME (SMOCAPI)!!Housing unit without a mortgage (excluding units where SMOCAPI cannot be computed)!!Less than 10.0 percent",
"DP04_0118PE","Percent Estimate!!SELECTED MONTHLY OWNER COSTS AS A PERCENTAGE OF HOUSEHOLD INCOME (SMOCAPI)!!Housing unit without a mortgage (excluding units where SMOCAPI cannot be computed)!!Less than 10.0 percent",
"DP04_0118PM","Percent Margin of Error!!SELECTED MONTHLY OWNER COSTS AS A PERCENTAGE OF HOUSEHOLD INCOME (SMOCAPI)!!Housing unit without a mortgage (excluding units where SMOCAPI cannot be computed)!!Less than 10.0 percent",
"DP04_0119E","Estimate!!SELECTED MONTHLY OWNER COSTS AS A PERCENTAGE OF HOUSEHOLD INCOME (SMOCAPI)!!Housing unit without a mortgage (excluding units where SMOCAPI cannot be computed)!!10.0 to 14.9 percent",
"DP04_0119M","Margin of Error!!SELECTED MONTHLY OWNER COSTS AS A PERCENTAGE OF HOUSEHOLD INCOME (SMOCAPI)!!Housing unit without a mortgage (excluding units where SMOCAPI cannot be computed)!!10.0 to 14.9 percent",
"DP04_0119PE","Percent Estimate!!SELECTED MONTHLY OWNER COSTS AS A PERCENTAGE OF HOUSEHOLD INCOME (SMOCAPI)!!Housing unit without a mortgage (excluding units where SMOCAPI cannot be computed)!!10.0 to 14.9 percent",
"DP04_0119PM","Percent Margin of Error!!SELECTED MONTHLY OWNER COSTS AS A PERCENTAGE OF HOUSEHOLD INCOME (SMOCAPI)!!Housing unit without a mortgage (excluding units where SMOCAPI cannot be computed)!!10.0 to 14.9 percent",
"DP04_0120E","Estimate!!SELECTED MONTHLY OWNER COSTS AS A PERCENTAGE OF HOUSEHOLD INCOME (SMOCAPI)!!Housing unit without a mortgage (excluding units where SMOCAPI cannot be computed)!!15.0 to 19.9 percent",
"DP04_0120M","Margin of Error!!SELECTED MONTHLY OWNER COSTS AS A PERCENTAGE OF HOUSEHOLD INCOME (SMOCAPI)!!Housing unit without a mortgage (excluding units where SMOCAPI cannot be computed)!!15.0 to 19.9 percent",
"DP04_0120PE","Percent Estimate!!SELECTED MONTHLY OWNER COSTS AS A PERCENTAGE OF HOUSEHOLD INCOME (SMOCAPI)!!Housing unit without a mortgage (excluding units where SMOCAPI cannot be computed)!!15.0 to 19.9 percent",
"DP04_0120PM","Percent Margin of Error!!SELECTED MONTHLY OWNER COSTS AS A PERCENTAGE OF HOUSEHOLD INCOME (SMOCAPI)!!Housing unit without a mortgage (excluding units where SMOCAPI cannot be computed)!!15.0 to 19.9 percent",
"DP04_0121E","Estimate!!SELECTED MONTHLY OWNER COSTS AS A PERCENTAGE OF HOUSEHOLD INCOME (SMOCAPI)!!Housing unit without a mortgage (excluding units where SMOCAPI cannot be computed)!!20.0 to 24.9 percent",
"DP04_0121M","Margin of Error!!SELECTED MONTHLY OWNER COSTS AS A PERCENTAGE OF HOUSEHOLD INCOME (SMOCAPI)!!Housing unit without a mortgage (excluding units where SMOCAPI cannot be computed)!!20.0 to 24.9 percent",
"DP04_0121PE","Percent Estimate!!SELECTED MONTHLY OWNER COSTS AS A PERCENTAGE OF HOUSEHOLD INCOME (SMOCAPI)!!Housing unit without a mortgage (excluding units where SMOCAPI cannot be computed)!!20.0 to 24.9 percent",
"DP04_0121PM","Percent Margin of Error!!SELECTED MONTHLY OWNER COSTS AS A PERCENTAGE OF HOUSEHOLD INCOME (SMOCAPI)!!Housing unit without a mortgage (excluding units where SMOCAPI cannot be computed)!!20.0 to 24.9 percent",
"DP04_0122E","Estimate!!SELECTED MONTHLY OWNER COSTS AS A PERCENTAGE OF HOUSEHOLD INCOME (SMOCAPI)!!Housing unit without a mortgage (excluding units where SMOCAPI cannot be computed)!!25.0 to 29.9 percent",
"DP04_0122M","Margin of Error!!SELECTED MONTHLY OWNER COSTS AS A PERCENTAGE OF HOUSEHOLD INCOME (SMOCAPI)!!Housing unit without a mortgage (excluding units where SMOCAPI cannot be computed)!!25.0 to 29.9 percent",
"DP04_0122PE","Percent Estimate!!SELECTED MONTHLY OWNER COSTS AS A PERCENTAGE OF HOUSEHOLD INCOME (SMOCAPI)!!Housing unit without a mortgage (excluding units where SMOCAPI cannot be computed)!!25.0 to 29.9 percent",
"DP04_0122PM","Percent Margin of Error!!SELECTED MONTHLY OWNER COSTS AS A PERCENTAGE OF HOUSEHOLD INCOME (SMOCAPI)!!Housing unit without a mortgage (excluding units where SMOCAPI cannot be computed)!!25.0 to 29.9 percent",
"DP04_0123E","Estimate!!SELECTED MONTHLY OWNER COSTS AS A PERCENTAGE OF HOUSEHOLD INCOME (SMOCAPI)!!Housing unit without a mortgage (excluding units where SMOCAPI cannot be computed)!!30.0 to 34.9 percent",
"DP04_0123M","Margin of Error!!SELECTED MONTHLY OWNER COSTS AS A PERCENTAGE OF HOUSEHOLD INCOME (SMOCAPI)!!Housing unit without a mortgage (excluding units where SMOCAPI cannot be computed)!!30.0 to 34.9 percent",
"DP04_0123PE","Percent Estimate!!SELECTED MONTHLY OWNER COSTS AS A PERCENTAGE OF HOUSEHOLD INCOME (SMOCAPI)!!Housing unit without a mortgage (excluding units where SMOCAPI cannot be computed)!!30.0 to 34.9 percent",
"DP04_0123PM","Percent Margin of Error!!SELECTED MONTHLY OWNER COSTS AS A PERCENTAGE OF HOUSEHOLD INCOME (SMOCAPI)!!Housing unit without a mortgage (excluding units where SMOCAPI cannot be computed)!!30.0 to 34.9 percent",
"DP04_0124E","Estimate!!SELECTED MONTHLY OWNER COSTS AS A PERCENTAGE OF HOUSEHOLD INCOME (SMOCAPI)!!Housing unit without a mortgage (excluding units where SMOCAPI cannot be computed)!!35.0 percent or more",
"DP04_0124M","Margin of Error!!SELECTED MONTHLY OWNER COSTS AS A PERCENTAGE OF HOUSEHOLD INCOME (SMOCAPI)!!Housing unit without a mortgage (excluding units where SMOCAPI cannot be computed)!!35.0 percent or more",
"DP04_0124PE","Percent Estimate!!SELECTED MONTHLY OWNER COSTS AS A PERCENTAGE OF HOUSEHOLD INCOME (SMOCAPI)!!Housing unit without a mortgage (excluding units where SMOCAPI cannot be computed)!!35.0 percent or more",
"DP04_0124PM","Percent Margin of Error!!SELECTED MONTHLY OWNER COSTS AS A PERCENTAGE OF HOUSEHOLD INCOME (SMOCAPI)!!Housing unit without a mortgage (excluding units where SMOCAPI cannot be computed)!!35.0 percent or more",
"DP04_0125E","Estimate!!SELECTED MONTHLY OWNER COSTS AS A PERCENTAGE OF HOUSEHOLD INCOME (SMOCAPI)!!Housing unit without a mortgage (excluding units where SMOCAPI cannot be computed)!!Not computed",
"DP04_0125M","Margin of Error!!SELECTED MONTHLY OWNER COSTS AS A PERCENTAGE OF HOUSEHOLD INCOME (SMOCAPI)!!Housing unit without a mortgage (excluding units where SMOCAPI cannot be computed)!!Not computed",
"DP04_0125PE","Percent Estimate!!SELECTED MONTHLY OWNER COSTS AS A PERCENTAGE OF HOUSEHOLD INCOME (SMOCAPI)!!Housing unit without a mortgage (excluding units where SMOCAPI cannot be computed)!!Not computed",
"DP04_0125PM","Percent Margin of Error!!SELECTED MONTHLY OWNER COSTS AS A PERCENTAGE OF HOUSEHOLD INCOME (SMOCAPI)!!Housing unit without a mortgage (excluding units where SMOCAPI cannot be computed)!!Not computed",
"DP04_0126E","Estimate!!GROSS RENT!!Occupied units paying rent",
"DP04_0126M","Margin of Error!!GROSS RENT!!Occupied units paying rent",
"DP04_0126PE","Percent Estimate!!GROSS RENT!!Occupied units paying rent",
"DP04_0126PM","Percent Margin of Error!!GROSS RENT!!Occupied units paying rent",
"DP04_0127E","Estimate!!GROSS RENT!!Occupied units paying rent!!Less than $500",
"DP04_0127M","Margin of Error!!GROSS RENT!!Occupied units paying rent!!Less than $500",
"DP04_0127PE","Percent Estimate!!GROSS RENT!!Occupied units paying rent!!Less than $500",
"DP04_0127PM","Percent Margin of Error!!GROSS RENT!!Occupied units paying rent!!Less than $500",
"DP04_0128E","Estimate!!GROSS RENT!!Occupied units paying rent!!$500 to $999",
"DP04_0128M","Margin of Error!!GROSS RENT!!Occupied units paying rent!!$500 to $999",
"DP04_0128PE","Percent Estimate!!GROSS RENT!!Occupied units paying rent!!$500 to $999",
"DP04_0128PM","Percent Margin of Error!!GROSS RENT!!Occupied units paying rent!!$500 to $999",
"DP04_0129E","Estimate!!GROSS RENT!!Occupied units paying rent!!$1 000 to $1 499",
"DP04_0129M","Margin of Error!!GROSS RENT!!Occupied units paying rent!!$1 000 to $1 499",
"DP04_0129PE","Percent Estimate!!GROSS RENT!!Occupied units paying rent!!$1 000 to $1 499",
"DP04_0129PM","Percent Margin of Error!!GROSS RENT!!Occupied units paying rent!!$1 000 to $1 499",
"DP04_0130E","Estimate!!GROSS RENT!!Occupied units paying rent!!$1 500 to $1 999",
"DP04_0130M","Margin of Error!!GROSS RENT!!Occupied units paying rent!!$1 500 to $1 999",
"DP04_0130PE","Percent Estimate!!GROSS RENT!!Occupied units paying rent!!$1 500 to $1 999",
"DP04_0130PM","Percent Margin of Error!!GROSS RENT!!Occupied units paying rent!!$1 500 to $1 999",
"DP04_0131E","Estimate!!GROSS RENT!!Occupied units paying rent!!$2 000 to $2 499",
"DP04_0131M","Margin of Error!!GROSS RENT!!Occupied units paying rent!!$2 000 to $2 499",
"DP04_0131PE","Percent Estimate!!GROSS RENT!!Occupied units paying rent!!$2 000 to $2 499",
"DP04_0131PM","Percent Margin of Error!!GROSS RENT!!Occupied units paying rent!!$2 000 to $2 499",
"DP04_0132E","Estimate!!GROSS RENT!!Occupied units paying rent!!$2 500 to $2 999",
"DP04_0132M","Margin of Error!!GROSS RENT!!Occupied units paying rent!!$2 500 to $2 999",
"DP04_0132PE","Percent Estimate!!GROSS RENT!!Occupied units paying rent!!$2 500 to $2 999",
"DP04_0132PM","Percent Margin of Error!!GROSS RENT!!Occupied units paying rent!!$2 500 to $2 999",
"DP04_0133E","Estimate!!GROSS RENT!!Occupied units paying rent!!$3 000 or more",
"DP04_0133M","Margin of Error!!GROSS RENT!!Occupied units paying rent!!$3 000 or more",
"DP04_0133PE","Percent Estimate!!GROSS RENT!!Occupied units paying rent!!$3 000 or more",
"DP04_0133PM","Percent Margin of Error!!GROSS RENT!!Occupied units paying rent!!$3 000 or more",
"DP04_0134E","Estimate!!GROSS RENT!!Occupied units paying rent!!Median (dollars)",
"DP04_0134M","Margin of Error!!GROSS RENT!!Occupied units paying rent!!Median (dollars)",
"DP04_0134PE","Percent Estimate!!GROSS RENT!!Occupied units paying rent!!Median (dollars)",
"DP04_0134PM","Percent Margin of Error!!GROSS RENT!!Occupied units paying rent!!Median (dollars)",
"DP04_0135E","Estimate!!GROSS RENT!!Occupied units paying rent!!No rent paid",
"DP04_0135M","Margin of Error!!GROSS RENT!!Occupied units paying rent!!No rent paid",
"DP04_0135PE","Percent Estimate!!GROSS RENT!!Occupied units paying rent!!No rent paid",
"DP04_0135PM","Percent Margin of Error!!GROSS RENT!!Occupied units paying rent!!No rent paid",
"DP04_0136E","Estimate!!GROSS RENT AS A PERCENTAGE OF HOUSEHOLD INCOME (GRAPI)!!Occupied units paying rent (excluding units where GRAPI cannot be computed)",
"DP04_0136M","Margin of Error!!GROSS RENT AS A PERCENTAGE OF HOUSEHOLD INCOME (GRAPI)!!Occupied units paying rent (excluding units where GRAPI cannot be computed)",
"DP04_0136PE","Percent Estimate!!GROSS RENT AS A PERCENTAGE OF HOUSEHOLD INCOME (GRAPI)!!Occupied units paying rent (excluding units where GRAPI cannot be computed)",
"DP04_0136PM","Percent Margin of Error!!GROSS RENT AS A PERCENTAGE OF HOUSEHOLD INCOME (GRAPI)!!Occupied units paying rent (excluding units where GRAPI cannot be computed)",
"DP04_0137E","Estimate!!GROSS RENT AS A PERCENTAGE OF HOUSEHOLD INCOME (GRAPI)!!Occupied units paying rent (excluding units where GRAPI cannot be computed)!!Less than 15.0 percent",
"DP04_0137M","Margin of Error!!GROSS RENT AS A PERCENTAGE OF HOUSEHOLD INCOME (GRAPI)!!Occupied units paying rent (excluding units where GRAPI cannot be computed)!!Less than 15.0 percent",
"DP04_0137PE","Percent Estimate!!GROSS RENT AS A PERCENTAGE OF HOUSEHOLD INCOME (GRAPI)!!Occupied units paying rent (excluding units where GRAPI cannot be computed)!!Less than 15.0 percent",
"DP04_0137PM","Percent Margin of Error!!GROSS RENT AS A PERCENTAGE OF HOUSEHOLD INCOME (GRAPI)!!Occupied units paying rent (excluding units where GRAPI cannot be computed)!!Less than 15.0 percent",
"DP04_0138E","Estimate!!GROSS RENT AS A PERCENTAGE OF HOUSEHOLD INCOME (GRAPI)!!Occupied units paying rent (excluding units where GRAPI cannot be computed)!!15.0 to 19.9 percent",
"DP04_0138M","Margin of Error!!GROSS RENT AS A PERCENTAGE OF HOUSEHOLD INCOME (GRAPI)!!Occupied units paying rent (excluding units where GRAPI cannot be computed)!!15.0 to 19.9 percent",
"DP04_0138PE","Percent Estimate!!GROSS RENT AS A PERCENTAGE OF HOUSEHOLD INCOME (GRAPI)!!Occupied units paying rent (excluding units where GRAPI cannot be computed)!!15.0 to 19.9 percent",
"DP04_0138PM","Percent Margin of Error!!GROSS RENT AS A PERCENTAGE OF HOUSEHOLD INCOME (GRAPI)!!Occupied units paying rent (excluding units where GRAPI cannot be computed)!!15.0 to 19.9 percent",
"DP04_0139E","Estimate!!GROSS RENT AS A PERCENTAGE OF HOUSEHOLD INCOME (GRAPI)!!Occupied units paying rent (excluding units where GRAPI cannot be computed)!!20.0 to 24.9 percent",
"DP04_0139M","Margin of Error!!GROSS RENT AS A PERCENTAGE OF HOUSEHOLD INCOME (GRAPI)!!Occupied units paying rent (excluding units where GRAPI cannot be computed)!!20.0 to 24.9 percent",
"DP04_0139PE","Percent Estimate!!GROSS RENT AS A PERCENTAGE OF HOUSEHOLD INCOME (GRAPI)!!Occupied units paying rent (excluding units where GRAPI cannot be computed)!!20.0 to 24.9 percent",
"DP04_0139PM","Percent Margin of Error!!GROSS RENT AS A PERCENTAGE OF HOUSEHOLD INCOME (GRAPI)!!Occupied units paying rent (excluding units where GRAPI cannot be computed)!!20.0 to 24.9 percent",
"DP04_0140E","Estimate!!GROSS RENT AS A PERCENTAGE OF HOUSEHOLD INCOME (GRAPI)!!Occupied units paying rent (excluding units where GRAPI cannot be computed)!!25.0 to 29.9 percent",
"DP04_0140M","Margin of Error!!GROSS RENT AS A PERCENTAGE OF HOUSEHOLD INCOME (GRAPI)!!Occupied units paying rent (excluding units where GRAPI cannot be computed)!!25.0 to 29.9 percent",
"DP04_0140PE","Percent Estimate!!GROSS RENT AS A PERCENTAGE OF HOUSEHOLD INCOME (GRAPI)!!Occupied units paying rent (excluding units where GRAPI cannot be computed)!!25.0 to 29.9 percent",
"DP04_0140PM","Percent Margin of Error!!GROSS RENT AS A PERCENTAGE OF HOUSEHOLD INCOME (GRAPI)!!Occupied units paying rent (excluding units where GRAPI cannot be computed)!!25.0 to 29.9 percent",
"DP04_0141E","Estimate!!GROSS RENT AS A PERCENTAGE OF HOUSEHOLD INCOME (GRAPI)!!Occupied units paying rent (excluding units where GRAPI cannot be computed)!!30.0 to 34.9 percent",
"DP04_0141M","Margin of Error!!GROSS RENT AS A PERCENTAGE OF HOUSEHOLD INCOME (GRAPI)!!Occupied units paying rent (excluding units where GRAPI cannot be computed)!!30.0 to 34.9 percent",
"DP04_0141PE","Percent Estimate!!GROSS RENT AS A PERCENTAGE OF HOUSEHOLD INCOME (GRAPI)!!Occupied units paying rent (excluding units where GRAPI cannot be computed)!!30.0 to 34.9 percent",
"DP04_0141PM","Percent Margin of Error!!GROSS RENT AS A PERCENTAGE OF HOUSEHOLD INCOME (GRAPI)!!Occupied units paying rent (excluding units where GRAPI cannot be computed)!!30.0 to 34.9 percent",
"DP04_0142E","Estimate!!GROSS RENT AS A PERCENTAGE OF HOUSEHOLD INCOME (GRAPI)!!Occupied units paying rent (excluding units where GRAPI cannot be computed)!!35.0 percent or more",
"DP04_0142M","Margin of Error!!GROSS RENT AS A PERCENTAGE OF HOUSEHOLD INCOME (GRAPI)!!Occupied units paying rent (excluding units where GRAPI cannot be computed)!!35.0 percent or more",
"DP04_0142PE","Percent Estimate!!GROSS RENT AS A PERCENTAGE OF HOUSEHOLD INCOME (GRAPI)!!Occupied units paying rent (excluding units where GRAPI cannot be computed)!!35.0 percent or more",
"DP04_0142PM","Percent Margin of Error!!GROSS RENT AS A PERCENTAGE OF HOUSEHOLD INCOME (GRAPI)!!Occupied units paying rent (excluding units where GRAPI cannot be computed)!!35.0 percent or more",
"DP04_0143E","Estimate!!GROSS RENT AS A PERCENTAGE OF HOUSEHOLD INCOME (GRAPI)!!Occupied units paying rent (excluding units where GRAPI cannot be computed)!!Not computed",
"DP04_0143M","Margin of Error!!GROSS RENT AS A PERCENTAGE OF HOUSEHOLD INCOME (GRAPI)!!Occupied units paying rent (excluding units where GRAPI cannot be computed)!!Not computed",
"DP04_0143PE","Percent Estimate!!GROSS RENT AS A PERCENTAGE OF HOUSEHOLD INCOME (GRAPI)!!Occupied units paying rent (excluding units where GRAPI cannot be computed)!!Not computed",
"DP04_0143PM","Percent Margin of Error!!GROSS RENT AS A PERCENTAGE OF HOUSEHOLD INCOME (GRAPI)!!Occupied units paying rent (excluding units where GRAPI cannot be computed)!!Not computed",
